"time","requesttype","neighborhood","nrequests","nsolved","pcsolved","avgresptime","pcsolvedin3","pcsolvedin5","rankrt","rankpcs3","rankpcs5"
"All time","All","Airport",7291,6875,94.2943354821012,39.8585829072316,23.8787546289946,27.7465368262241,189,191,191
"All time","All","Allerton/Pelham Gardens",51999,49165,94.5498951902921,40.8299184318138,53.2106386661282,59.7203792380623,190,75,86
"All time","All","Annadale/Huguenot/Prince's Bay/Eltingville",59065,55293,93.6138152882418,25.9702885297301,59.0976043342081,65.8867349530179,161,20,18
"All time","All","Arden Heights",41988,39808,94.8080403924931,24.8478171966057,61.7533581023149,68.7744117366867,149,4,3
"All time","All","Astoria",163314,158660,97.150274930502,19.5616789878189,52.8062505357777,60.2783594792853,59,80,80
"All time","All","Auburndale",41085,39489,96.1153705732019,30.1372482432538,55.3559693318729,61.7816721431179,184,49,64
"All time","All","Baisley Park",77523,74932,96.657766082324,18.3791063132003,55.8647111179908,62.1738064832372,44,44,57
"All time","All","Bath Beach",57690,56247,97.4986999479979,24.5321475459957,53.5153406136245,62.9398509273704,146,71,49
"All time","All","Battery Park City/Lower Manhattan",90495,87233,96.3953809602741,17.8983052813511,52.2371401734902,60.3502955964418,39,85,79
"All time","All","Bay Ridge",176220,171523,97.334581772784,25.0765496397283,51.8641470888662,61.2047440699126,153,88,70
"All time","All","Bayside/Bayside Hills",86552,83434,96.397541362418,28.0019521114927,54.7451243183289,60.7426749237453,177,59,73
"All time","All","Bedford",198503,192996,97.2257346236581,23.3603566342771,43.9766653400704,54.2188279270338,126,137,136
"All time","All","Bedford Park/Fordham North",212980,208093,97.7054183491408,16.2681438385242,34.7145271856512,48.4684007888065,17,183,174
"All time","All","Bellerose",46614,44692,95.8767752177457,31.736207534944,53.6641352383404,59.4413695456301,187,69,90
"All time","All","Belmont",91260,88795,97.29892614508,15.7641616143335,36.0245452553145,49.155161078238,10,177,167
"All time","All","Bensonhurst East",112469,109445,97.3112591025082,24.0268838954066,52.9541473650517,61.8650472574665,139,79,62
"All time","All","Bensonhurst West",160458,156524,97.5482680826135,23.6442579379927,51.5262560919368,61.1032170412195,132,93,71
"All time","All","Borough Park",179050,174267,97.328679139905,24.4511490087154,55.2717118123429,63.365540351857,144,51,46
"All time","All","Breezy Point/Belle Harbor/Rockaway Park/Broad Channel",2132,2096,98.3114446529081,30.3248407643312,54.9718574108818,59.7091932457786,185,54,87
"All time","All","Briarwood/Jamaica Hills",68095,66125,97.1069828915486,20.4675217084471,52.2534694177252,59.4610470665981,80,84,89
"All time","All","Brighton Beach",75933,73720,97.0855886110123,23.0490669879386,47.8724665165343,58.3066650863261,124,115,102
"All time","All","Bronxdale",90753,88317,97.3157912135136,16.8983397455894,39.9028131301445,52.6032197282734,26,156,147
"All time","All","Brooklyn Heights/Cobble Hill",41308,39922,96.6447177302218,23.5874228845617,49.6925535005326,58.4729350246926,128,103,99
"All time","All","Brownsville",119278,115471,96.8082965844498,23.9857094160527,39.5412397927531,51.2718187763041,138,157,154
"All time","All","Bushwick North",196304,191231,97.4157429293341,23.5933683384507,37.4847175808949,48.8533091531502,129,164,172
"All time","All","Bushwick South",220055,214192,97.3356660834791,22.8553824549499,42.8833700665743,53.2535048056168,118,140,143
"All time","All","Cambria Heights",41913,40504,96.6382745210317,24.0647124454813,59.2703934340181,65.3973707441605,140,19,24
"All time","All","Canarsie",129714,125555,96.7937154046595,26.9691553508309,55.2638882464499,63.4056462679433,167,52,44
"All time","All","Carroll Gardens/Columbia Street/Red Hook",94905,91933,96.8684473947632,23.92138431482,54.5060850324008,62.0241293925504,135,64,60
"All time","All","Central Harlem North/Polo Grounds",216256,209826,97.026672092335,19.6794876691141,36.3721700207162,47.0285217519976,63,173,185
"All time","All","Central Harlem South",141000,136754,96.9886524822695,19.2791233294703,41.7553191489362,51.6070921985816,55,145,152
"All time","All","Charleston/Richmond Valley/Tottenville",44368,42134,94.9648395239813,22.9176872407904,59.0245221781464,66.5840245221781,120,22,12
"All time","All","Chinatown",114015,110601,97.0056571503749,20.6651403816626,49.3891154672631,57.3398237074069,85,106,110
"All time","All","Claremont/Bathgate",69507,67814,97.564274101889,16.6147695411592,38.5759707655344,51.0524119872819,23,159,156
"All time","All","Clinton",139612,135136,96.7939718648827,19.2820484312112,45.5935019912328,54.4609345901498,56,128,133
"All time","All","Clinton Hill",108825,105731,97.1569032850907,22.682030645115,47.8796232483345,57.1366873420629,116,114,117
"All time","All","Co-op City",34226,33132,96.8035996026413,22.955735866482,48.4982177292117,54.3563372874423,122,113,134
"All time","All","College Point",55552,54210,97.5842453917051,20.9632608776984,58.0105126728111,63.8140841013825,88,28,38
"All time","All","Corona",62684,61041,97.3789164699126,18.6936568400133,54.7428370876141,61.3059153851062,48,60,69
"All time","All","Crotona Park East",59964,58455,97.4834900940564,17.6233325836087,37.0222133279968,48.3173237275699,35,169,175
"All time","All","Crown Heights North",405466,395390,97.5149580975963,25.4417230546773,35.5953396832287,48.1105690736091,157,180,179
"All time","All","Crown Heights South",145110,141755,97.6879608572807,24.5231803578647,34.6523327131142,47.6734890772517,145,184,183
"All time","All","Cypress Hills/City Line",117366,114354,97.4336690353254,23.8384129719843,47.7651108498202,57.6972888229981,134,116,106
"All time","All","Douglas Manor/Douglaston/Little Neck",51275,49292,96.1326182350073,26.6210295266035,54.1121404193077,60.1404193076548,165,65,81
"All time","All","DUMBO/Vinegar Hill/Downtown Brooklyn/Boerum Hill",98921,95462,96.5032702863901,21.4271235779492,54.6051900001011,61.9656089202495,95,62,61
"All time","All","Dyker Heights",66108,64042,96.8748109154717,27.8383461027037,56.006837296545,63.5596296968597,176,43,41
"All time","All","East Concourse/Concourse Village",207993,203517,97.8480045001514,16.5274431585643,33.8386388003442,47.1371632699177,21,187,184
"All time","All","East Elmhurst",48708,47466,97.450110864745,18.6134811738767,57.4238318140757,63.7287509238729,46,32,39
"All time","All","East Flatbush/Farragut",129575,125171,96.6011962184063,26.9278216695245,42.0544086436427,52.7416554119236,166,143,145
"All time","All","East Flushing",45167,43818,97.0133061748622,25.1962542803233,57.6615670733057,63.9559855646822,155,29,36
"All time","All","East Harlem North",127851,124135,97.0934916426152,17.1808945387585,40.6543554606534,50.7418792187781,29,154,157
"All time","All","East Harlem South",89012,86378,97.0408484249315,17.6042140701184,41.9583876331281,52.0502853547836,34,144,149
"All time","All","East New York",246570,239871,97.2831244676968,23.1811251580278,44.0114369144665,54.5694934501359,125,136,130
"All time","All","East New York (Pennsylvania Ave)",91990,89535,97.3312316556147,23.6216185790996,37.0605500597891,49.0368518317208,131,168,170
"All time","All","East Tremont",132389,129223,97.6085626449327,15.262633180534,35.1675743453006,47.956401211581,7,182,180
"All time","All","East Village",145612,141193,96.9652226464852,19.9876772810517,48.9925280883444,57.3228854764717,69,108,112
"All time","All","East Williamsburg",87735,85339,97.2690488402576,22.4891050676319,54.7387017723827,62.1211603123041,113,61,58
"All time","All","Eastchester/Edenwald/Baychester",68360,65870,96.357519016969,23.7772238174876,51.7919836161498,59.6942656524283,133,91,88
"All time","All","Elmhurst",124672,121549,97.4950269507187,20.3224127882774,48.7286640143737,56.2548126283368,77,110,122
"All time","All","Elmhurst/Maspeth",56476,55034,97.4467030242935,19.6568426873099,58.8444649054466,65.479141582265,62,24,23
"All time","All","Erasmus",120364,117772,97.8465321857034,25.3182684940836,37.561895583397,49.9734139776013,156,162,161
"All time","All","Far Rockaway/Bayswater",105209,102314,97.2483342679809,19.8961464201119,41.3833417293197,50.5413035006511,67,149,159
"All time","All","Flatbush",342805,334443,97.5607123583378,25.5078567748583,36.342527092662,49.0780472863581,159,175,168
"All time","All","Flatlands",125460,121298,96.6826080025506,26.0988033876394,56.9328869759286,64.281045751634,163,36,34
"All time","All","Flushing",113841,110966,97.4745478342601,20.2477360695246,48.5932133414148,57.0172433481786,74,111,118
"All time","All","Fordham South",107704,105113,97.594332615316,15.6849076466648,31.2086830572681,44.6752209760083,9,190,187
"All time","All","Forest Hills",148846,144215,96.8887306343469,21.2781438827715,50.0315762600271,58.4839364175053,92,102,98
"All time","All","Fort Greene",54031,52097,96.4205733745442,22.4358799719779,51.6240676648591,60.0229497880846,110,92,82
"All time","All","Fresh Meadows/Utopia",28153,27217,96.6753099136859,27.528499359988,56.9424217667744,63.5491777075267,173,35,42
"All time","All","Ft. Totten/Bay Terrace/Clearview",26573,25635,96.4701012305724,22.6426840106649,57.0089940917473,63.2145410755278,115,34,47
"All time","All","Georgetown/Marine Park/Bergen Beach/Mill Basin",90101,86606,96.1210197445089,29.7654354053613,61.4909934406943,67.1501981110087,182,6,8
"All time","All","Glen Oaks/Floral Park/New Hyde Park",34475,32939,95.5445975344453,31.198853311611,55.5939086294416,61.7519941986947,186,46,66
"All time","All","Glendale",77042,74661,96.9094779470938,22.2633140101853,59.4260273616988,65.4954440435087,105,18,22
"All time","All","Gramercy",66515,63898,96.0655491242577,20.3144222483353,46.1640231526723,54.7936555664136,76,126,129
"All time","All","Grasmere/Arrochar/Ft. Wadsworth",30997,29831,96.2383456463529,17.7215150681161,61.7511372068265,68.9486079297996,36,5,2
"All time","All","Gravesend",47743,46367,97.1179021008315,20.209374863674,57.0638627652221,65.3624615126825,72,33,25
"All time","All","Great Kills",81316,76560,94.151212553495,29.939385026738,59.8467706232476,66.5588568055487,183,14,13
"All time","All","Greenpoint",90755,88113,97.0888656272382,24.1816516931583,49.5498870585643,58.472811415349,142,104,100
"All time","All","Grymes Hill/Clifton/Fox Hills",43872,42336,96.4989059080963,14.6088318950971,55.0328227571116,65.105306345733,3,53,27
"All time","All","Hamilton Heights",230050,223501,97.1532275592263,21.4569519495953,33.1827863507933,43.9904368615518,96,188,189
"All time","All","Hammels/Arverne/Edgemere",71318,69334,97.2180936089066,17.9813065986364,46.511399646653,54.2079138506408,40,124,137
"All time","All","Highbridge",126327,123838,98.0297165293247,17.3407963229144,36.3477324720764,48.847831421628,30,174,173
"All time","All","Hollis",54218,52843,97.4639418643255,19.9646381263198,49.5370541148696,57.2374488177358,68,105,114
"All time","All","Homecrest",92657,90028,97.1626536581154,24.576025384624,52.9576826359584,61.5744088412101,147,78,67
"All time","All","Hudson Yards/Chelsea/Flatiron/Union Square",198490,192219,96.840646883974,19.3777474672803,48.5288931432314,56.7766638117789,57,112,120
"All time","All","Hunters Point/Sunnyside/West Maspeth",172853,168086,97.2421653080942,18.7691916624301,50.9340306503214,58.4253672195449,50,96,101
"All time","All","Hunts Point",96949,94788,97.7709929963176,16.5987401161455,36.638851354836,47.9272607247109,22,171,182
"All time","All","Jackson Heights",170872,166144,97.233016526991,20.1852272449752,50.6250292616696,58.0604194952947,71,98,105
"All time","All","Jamaica",135676,132206,97.4424363925823,18.3492156847571,50.4333854182022,57.6756390223768,43,100,107
"All time","All","Jamaica Estates/Holliswood",55528,53843,96.9654948854632,21.7457569134277,54.7651635211065,62.0803918743697,101,58,59
"All time","All","Kensington/Ocean Parkway",76684,74727,97.4479682854311,23.9767351270031,47.6592248708988,58.1998852433363,137,117,103
"All time","All","Kew Gardens",54970,53480,97.2894305985083,19.7219941348974,52.6705475714026,60.7331271602692,64,81,74
"All time","All","Kew Gardens Hills",77292,74762,96.7266987527817,22.4104830812752,46.7745691662785,55.5063913470993,108,123,127
"All time","All","Kingsbridge Heights",101172,98879,97.7335626457913,16.3577399033659,35.4169137706085,48.2791681492903,19,181,176
"All time","All","Laurelton",50727,49042,96.6782975535711,21.6020962006363,57.6320302797327,64.1729256608906,100,30,35
"All time","All","Lenox Hill/Roosevelt Island",108362,105118,97.0063306325095,19.6561493760122,44.9982466178181,54.5264945276019,61,133,131
"All time","All","Lincoln Square",89331,86393,96.7111081259585,18.7523077279896,46.9086879134903,56.1954976435952,49,121,123
"All time","All","Lindenwood/Howard Beach",59620,57530,96.4944649446495,22.3782653189465,57.4270379067427,63.5692720563569,106,31,40
"All time","All","Longwood",73628,71762,97.4656380724724,16.3453329759772,34.5615798337589,48.1270712229043,18,185,177
"All time","All","Lower East Side",96266,93492,97.1184010969605,18.3256632201524,50.846612511167,59.0405750732346,42,97,93
"All time","All","Madison",89975,87260,96.9824951375382,27.4347406069946,53.4170602945263,62.6507363156432,172,73,51
"All time","All","Manhattanville",74272,72393,97.4701098664369,18.5170207461984,37.5538560965101,47.949429125377,45,163,181
"All time","All","Marble Hill/Inwood",142210,138326,97.2688277898882,18.8551461614459,39.3024400534421,49.4184656493917,52,158,165
"All time","All","Mariner's Harbor/Arlington/Port Ivory/Graniteville",65940,63694,96.593873218077,14.689608809783,56.3633606308766,65.0727934485896,4,40,28
"All time","All","Maspeth",74066,72099,97.3442605243972,20.6568783105953,62.9168579375152,68.2121351227284,83,2,5
"All time","All","Melrose South/Mott Haven North",78559,76328,97.1600962334042,17.4764322743586,38.0300156570221,49.7014982369938,32,160,163
"All time","All","Middle Village",81814,79150,96.743833573716,24.1559831799185,60.8612217957807,66.4152834478207,141,7,15
"All time","All","Midtown/Midtown South",218191,209832,96.1689528898992,19.8429076763189,46.7879060089555,54.2790490900175,65,122,135
"All time","All","Midwood",124454,120874,97.1234351647998,28.2026449627067,46.9972841371109,57.3480964854484,181,120,109
"All time","All","Morningside Heights",87693,85041,96.975813348842,17.7967300515372,43.9544775523702,53.9130831423261,38,138,140
"All time","All","Morrisania/Melrose",102750,100020,97.3430656934306,15.8278677769367,37.1610705596107,49.752798053528,11,167,162
"All time","All","Mott Haven/Port Morris",100377,97377,97.0112675214442,17.1542619714525,40.7155025553663,51.9132869083555,28,153,150
"All time","All","Mount Hope",202196,198110,97.9791885101585,15.8777457423575,32.2711626342757,45.7615383093632,13,189,186
"All time","All","Murray Hill",88492,85827,96.9884283325046,25.5064979846141,53.1855986981874,60.0133345387154,158,76,83
"All time","All","Murray Hill/Kips Bay",103571,100182,96.7278485290284,21.3529164960091,42.0947948750133,50.5624161203426,93,142,158
"All time","All","New Brighton/Silver Lake",42356,40427,95.4457455850411,21.5035012766388,56.8703371423175,65.0368306733403,97,37,29
"All time","All","New Dorp/Midland Beach",55636,52556,94.4640161046804,26.1831906614786,58.6994032640736,65.8027176648213,164,26,19
"All time","All","New Springville/Bloomfield/Travis",77964,74199,95.170848083731,22.885578201152,61.7913395926325,68.4033656559438,119,3,4
"All time","All","North Corona",78109,76407,97.8209937395179,22.4092931747059,50.4935410772126,57.1381018832657,107,99,116
"All time","All","North Riverdale/Fieldston/Riverdale",39152,37413,95.5583367388639,27.3899908123007,52.3676951369023,60.6993257049448,171,82,76
"All time","All","North Side/South Side",148290,144447,97.4084564029941,20.2672840192292,53.2530851709488,61.7695056982939,75,74,65
"All time","All","Norwood",151252,147574,97.5682966175654,16.2318487794928,37.8401607912623,51.1596540872187,16,161,155
"All time","All","Oakland Gardens",40943,39462,96.3827760545148,27.1681775887279,52.3459443616735,59.089465842757,169,83,92
"All time","All","Oakwood/Oakwood Beach",46361,43835,94.5514548866504,28.1762917933131,58.8382476650633,66.4200513362525,180,25,14
"All time","All","Ocean Hill",131923,128092,97.0960332921477,24.9696738162942,36.967018639661,49.060436769934,151,170,169
"All time","All","Ocean Parkway South",45194,43863,97.0549187945302,28.1458352465791,54.6023808470151,63.0459795548082,178,63,48
"All time","All","Old Astoria",52751,51317,97.2815681219313,18.8339181517111,53.4549108073781,60.7078538795473,51,72,75
"All time","All","Old Town/Dongan Hills/South Beach",52329,49807,95.1804926522578,25.0640023049062,59.9476389764758,66.9877123583481,152,12,9
"All time","All","Ozone Park",52555,50952,96.9498620492817,21.0943149333655,59.0333935876701,65.0252116829988,91,21,30
"All time","All","Park Slope/Gowanus",183854,178162,96.9040651821554,22.605233329726,54.7820553265091,62.7155242746962,114,57,50
"All time","All","Parkchester",34106,33331,97.7276725502844,27.5600170347387,40.344807365273,51.8442502785434,174,155,151
"All time","All","Pelham Bay/Country Club/City Island",15284,14422,94.3601151531013,43.7482744942483,51.8581523161476,57.2559539387595,191,89,113
"All time","All","Pelham Parkway",85867,83028,96.6937240150465,22.8455278538137,43.880652637218,55.6267250515332,117,139,126
"All time","All","Pomonok/Flushing Heights/Hillcrest",51031,49310,96.6275401226705,23.0003925052162,59.4266230330583,65.5640688992965,123,17,21
"All time","All","Port Richmond",50354,48121,95.5653969893156,19.4350064622751,55.5030384875084,64.3901179648091,58,48,33
"All time","All","Prospect Heights",61471,59579,96.9221258804965,22.9265791077111,45.9192139382798,55.7807746742366,121,127,125
"All time","All","Prospect Lefferts Gardens/Wingate",259081,253170,97.7184741451515,25.8839845328558,36.0779061374628,48.8673426457363,160,176,171
"All time","All","Queens Village",109919,106529,96.9159108070488,21.8943808532778,54.9659294571457,61.4570729355252,103,55,68
"All time","All","Queensboro Hill",37233,36286,97.4565573550345,27.0898471584992,59.4741224182849,64.7006687615825,168,16,31
"All time","All","Queensbridge/Ravenswood/Long Island City",48549,47355,97.5406290551814,16.1107634543179,60.4255494448907,65.9848812539908,15,10,17
"All time","All","Rego Park",49505,48133,97.2285627714372,22.4333776287203,51.8573881426119,59.3637006362994,109,90,91
"All time","All","Richmond Hill",151278,147419,97.4490672801068,20.2168423801735,56.2355398669998,62.5748621742752,73,41,52
"All time","All","Ridgewood",149510,145302,97.1854725436426,18.9714605056718,50.2220587251689,58.1807236974115,53,101,104
"All time","All","Rikers Island",109,77,70.6422018348624,14.7662337662338,35.7798165137615,38.5321100917431,5,178,190
"All time","All","Rosedale",49586,48040,96.882184487557,19.258212488902,60.6098495543097,66.9684991731537,54,9,10
"All time","All","Rossville/Woodrow",36751,34471,93.7960871813012,27.1998621433709,59.0160811950695,65.7914070365432,170,23,20
"All time","All","Rugby/Remsen Village",149418,145070,97.0900426990055,23.9417136142122,41.5726351577454,53.5430804856175,136,147,142
"All time","All","Schuylerville/Throgs Neck/Edgewater Park",82946,78851,95.0630530706725,32.5925183791175,53.9025390012779,60.4453499867384,188,66,78
"All time","All","Seagate/Coney Island",53185,51680,97.1702547710821,20.6575814841513,47.4005828711103,56.9559086208517,84,119,119
"All time","All","Sheepshead Bay/Gerritsen Beach/Manhattan Beach",131680,127614,96.9122114216282,24.3842523931509,55.5938639125152,63.8160692588092,143,47,37
"All time","All","SoHo/TriBeCa/Civic Center/Little Italy",183988,179028,97.3041720112181,19.5858519195406,54.8378155097072,61.7888123138466,60,56,63
"All time","All","Soundview/Bruckner",107902,105119,97.4208077700135,16.9761888557233,41.4589164241627,52.8062501158459,27,148,144
"All time","All","Soundview/Castle Hill/Clason Point/Harding Park",65228,63271,96.9997547065677,21.5866348367872,51.21573557368,58.9869381247317,99,95,94
"All time","All","South Jamaica",106271,102806,96.7394679639789,17.7715682781011,51.4759435782104,58.5926546282617,37,94,97
"All time","All","South Ozone Park",177650,172442,97.0683929074022,22.4816075811934,56.6833661694343,62.524064171123,112,38,53
"All time","All","Springfield Gardens North",36777,35538,96.6310465780243,22.4707899818428,53.5198629578269,59.9885798189086,111,70,84
"All time","All","Springfield Gardens South/Brookville",46562,45315,97.3218504359778,16.8485210569032,59.9136635024269,66.3867531463425,25,13,16
"All time","All","Spuyten Duyvil/Kingsbridge",63628,61521,96.6885647828,20.5842365016642,45.0587791538316,56.7438863393475,81,131,121
"All time","All","St. Albans",120468,116364,96.5932861838829,20.3868828688641,55.3483082644354,62.2082212703788,78,50,56
"All time","All","Stapleton/Rosebank",70796,68410,96.6297530933951,14.4681747153806,56.0850895530821,65.1124357308322,2,42,26
"All time","All","Starrett City",7689,7457,96.9827025621017,26.0391673514106,45.0123553127845,57.1595786188061,162,132,115
"All time","All","Steinway",99331,96388,97.0371787256748,21.8829532129766,53.8432110821395,60.8531072877551,102,68,72
"All time","All","Stuyvesant Heights",224589,218228,97.1677152487433,24.9145054650986,37.4773475103411,49.3554893605653,150,165,166
"All time","All","Stuyvesant Town/Cooper Village",12063,11708,97.0571168034486,15.8905689390056,44.5245792920501,57.3903672386637,14,134,108
"All time","All","Sunset Park East",117541,114533,97.4408929650079,23.4261656890204,48.829770037689,58.742055963451,127,109,96
"All time","All","Sunset Park West",125527,122377,97.4905797159177,21.4183037534427,51.890031626662,60.5710325268667,94,87,77
"All time","All","Todt Hill/Emerson Hill/Heartland Village/Lighthouse Hill",64856,61857,95.37590970766,18.6170931117805,60.1301344517084,67.5033921302578,47,11,7
"All time","All","Turtle Bay/East Midtown",104155,100600,96.586817723585,20.8811018373904,46.3904757332821,54.5062647016466,87,125,132
"All time","All","University Heights/Morris Heights",170151,166269,97.718497099635,15.8667592536683,36.5875016896756,49.5077901393468,12,172,164
"All time","All","Upper East Side/Carnegie Hill",112035,108164,96.544829740706,20.9872615589558,45.3626098986924,54.1589681795867,89,129,138
"All time","All","Upper West Side",228949,220299,96.2218660050928,20.4229669298797,42.3548475861436,52.7021301687275,79,141,146
"All time","All","Van Cortlandt Village",152835,149622,97.897732849151,15.4788720998442,40.8060980796284,54.140085713351,8,152,139
"All time","All","Van Nest/Morris Park/Westchester Square",85920,82896,96.4804469273743,23.6137934463726,47.5849627560521,57.3393854748603,130,118,111
"All time","All","Washington Heights North",257046,250852,97.5903145740451,17.4726159355989,41.2097445593396,52.2875283023272,31,151,148
"All time","All","Washington Heights South",316054,308407,97.5804767539724,21.0268031394809,34.0112765540066,44.4968264916755,90,186,188
"All time","All","West Brighton",11696,11348,97.0246238030096,19.8516716787546,44.3997948016416,55.1214090287278,66,135,128
"All time","All","West Concourse",135190,132294,97.8578297211332,16.4963267102807,35.6209778829795,48.1159849101265,20,179,178
"All time","All","West Farms/Bronx River",106101,103452,97.5033223061046,16.7831717100907,37.3870180299903,50.0984910604047,24,166,160
"All time","All","West New Brighton/New Brighton/St. George",91305,88006,96.3868353321286,14.7783349933983,53.0945731340014,63.5430699304529,6,77,43
"All time","All","West Village",198492,192797,97.1308667351833,20.744686949543,52.0640630352861,59.7762126433307,86,86,85
"All time","All","Westchester/Unionport",69675,67756,97.2457839971295,20.5997926702848,45.3204162181557,55.8909221385002,82,130,124
"All time","All","Westerleigh",55658,52561,94.4356606417766,27.7697060951524,60.8430054978619,67.5554277911531,175,8,6
"All time","All","Whitestone",64880,62711,96.6569050554871,25.1516118474881,58.4494451294698,64.4697903822441,154,27,32
"All time","All","Williamsbridge/Olinville",184550,179623,97.3302628014088,17.4976966521693,41.7301544296938,53.673801137903,33,146,141
"All time","All","Williamsburg",39102,37912,96.9566774078052,22.1790857356595,59.7156155695361,66.8840468518234,104,15,11
"All time","All","Windsor Terrace",38642,37348,96.6513120438901,28.1611958114047,53.8507323637493,62.2560944050515,179,67,55
"All time","All","Woodhaven",120826,117541,97.2812143081787,21.528611785782,55.7586943207588,62.4145465379968,98,45,54
"All time","All","Woodlawn/Wakefield",112008,108037,96.4547175201771,24.7463986977917,49.1027426612385,58.974358974359,148,107,95
"All time","All","Woodside",87934,85866,97.6482361771329,18.2374353768797,56.6765983578593,63.4055086769623,41,39,45
"All time","All","Yorkville",108849,105138,96.5906898547529,20.0986921126385,41.2690975571664,51.3821900063391,70,150,153
"Within last year","All","Airport",751,661,88.0159786950732,35.8245083207262,28.6284953395473,30.4926764314248,191,190,190
"Within last year","All","Allerton/Pelham Gardens",4991,4656,93.2879182528551,6.80913613749435,61.3504307753957,67.2610699258666,3,47,60
"Within last year","All","Annadale/Huguenot/Prince's Bay/Eltingville",6189,5924,95.7182097269349,7.91640543364681,67.5391824204233,73.1135886249798,23,9,10
"Within last year","All","Arden Heights",3452,3303,95.6836616454229,8.50537964955426,65.2665121668598,70.7415990730012,44,26,29
"Within last year","All","Astoria",16001,15350,95.9315042809824,9.27146141215107,60.4962189863134,67.6957690144366,76,58,55
"Within last year","All","Auburndale",3693,3416,92.499323043596,14.1282894736842,57.5142160844842,63.2818846466288,188,93,115
"Within last year","All","Baisley Park",6414,6175,96.273776114749,9.30920509006776,65.3414405986904,71.9987527284066,78,25,22
"Within last year","All","Bath Beach",5655,5439,96.1803713527851,7.92931741887355,61.9274977895668,69.9911582670203,25,43,34
"Within last year","All","Battery Park City/Lower Manhattan",9587,9123,95.1601126525503,9.80744175775643,55.9507666631897,63.6799833107333,106,105,109
"Within last year","All","Bay Ridge",17537,16767,95.6092832297428,7.92696090189494,61.0822831727205,68.7004618805953,24,49,42
"Within last year","All","Bayside/Bayside Hills",8184,7705,94.1471163245357,13.1131651921299,60.752688172043,66.4711632453568,186,52,75
"Within last year","All","Bedford",16900,16151,95.5680473372781,9.60492357805061,53.2130177514793,61.6331360946746,95,126,125
"Within last year","All","Bedford Park/Fordham North",16779,16295,97.1154419214494,9.75442600703226,43.8881935753025,57.1011383276715,103,177,159
"Within last year","All","Bellerose",3886,3525,90.7102418939784,14.3247616295868,55.7642820380854,61.5800308800823,189,107,126
"Within last year","All","Belmont",7707,7416,96.2242117555469,8.81518644067797,44.8293758920462,57.5061632282341,57,168,155
"Within last year","All","Bensonhurst East",10925,10284,94.1327231121281,9.54347613935786,58.6178489702517,66.9656750572082,91,80,66
"Within last year","All","Bensonhurst West",13909,13193,94.8522539363002,8.92048321737136,58.6958084693364,65.9716730174707,63,79,84
"Within last year","All","Borough Park",16405,15618,95.2026821091131,8.00412849954844,63.6635172203596,69.9116123133191,29,31,36
"Within last year","All","Breezy Point/Belle Harbor/Rockaway Park/Broad Channel",300,292,97.3333333333333,7.44444444444444,58.3333333333333,68.3333333333333,12,85,45
"Within last year","All","Briarwood/Jamaica Hills",6200,5972,96.3225806451613,10.2611421792916,58.9677419354839,65.8870967741935,125,73,86
"Within last year","All","Brighton Beach",7476,7195,96.2413055109684,10.100390952248,52.8624933119315,62.7474585339754,117,130,117
"Within last year","All","Bronxdale",8128,7874,96.875,9.50167828556674,44.3405511811024,56.9020669291339,87,170,160
"Within last year","All","Brooklyn Heights/Cobble Hill",4267,4048,94.8675884696508,11.6180641950734,49.2617764237169,57.7454886337005,176,145,153
"Within last year","All","Brownsville",10350,9681,93.536231884058,10.716628368498,42.2898550724638,53.2946859903382,142,183,185
"Within last year","All","Bushwick North",15965,15313,95.9160663952396,9.60434210526316,50.5981835264641,59.5740682743501,94,140,143
"Within last year","All","Bushwick South",17683,16872,95.4136741503139,9.83361264065118,53.4807442176101,62.1670531018492,109,122,123
"Within last year","All","Cambria Heights",3590,3403,94.7910863509749,10.9608136404427,60.6963788300836,66.5459610027855,156,54,72
"Within last year","All","Canarsie",12293,11582,94.2162206133572,9.08260455450688,61.4089319124705,67.6238509720979,72,46,56
"Within last year","All","Carroll Gardens/Columbia Street/Red Hook",9009,8538,94.7718947718948,9.44985604606526,57.2649572649573,64.5243645243645,84,95,104
"Within last year","All","Central Harlem North/Polo Grounds",20516,19430,94.7065704815754,11.2110371173404,46.5880288555274,55.8100994345876,167,158,167
"Within last year","All","Central Harlem South",13953,13322,95.4776750519601,10.4780307040762,54.8197520246542,62.6818605317853,133,113,118
"Within last year","All","Charleston/Richmond Valley/Tottenville",4204,4029,95.837297811608,7.1051028179741,64.9857278782112,71.5984776403425,5,28,24
"Within last year","All","Chinatown",11771,10983,93.3055815138901,11.1488792546813,53.4958797043582,60.1902981904681,165,121,139
"Within last year","All","Claremont/Bathgate",6138,5940,96.7741935483871,8.89514760773668,47.882046269143,58.2926034538938,62,151,148
"Within last year","All","Clinton",17155,16260,94.782862139318,10.8445895982253,51.3436315942874,60.314777032935,151,137,138
"Within last year","All","Clinton Hill",10752,10154,94.4382440476191,9.765180975172,53.3761160714286,61.1328125,104,124,133
"Within last year","All","Co-op City",3234,3122,96.5367965367965,10.5473402475744,55.1020408163265,61.4718614718615,135,110,128
"Within last year","All","College Point",5358,5204,97.1257932064203,7.93057979445414,68.1224337439343,74.5614035087719,27,7,6
"Within last year","All","Corona",6889,6706,97.3435912323995,7.71563767462821,63.2602699956452,71.2875598780665,18,35,26
"Within last year","All","Crotona Park East",5112,4939,96.6158059467919,8.85796035152258,50.2151799687011,59.1353677621283,61,143,145
"Within last year","All","Crown Heights North",32622,31275,95.8708846790509,10.8522192875089,44.6508491202256,55.2449267365582,152,169,168
"Within last year","All","Crown Heights South",11173,10747,96.187237089412,10.8213345864662,41.8956412780811,53.7456368030072,149,185,182
"Within last year","All","Cypress Hills/City Line",11520,11093,96.2934027777778,10.1642533936652,57.3524305555556,65.4427083333333,119,94,92
"Within last year","All","Douglas Manor/Douglaston/Little Neck",4780,4474,93.5983263598326,12.5827452765764,59.9372384937239,65.3765690376569,184,67,93
"Within last year","All","DUMBO/Vinegar Hill/Downtown Brooklyn/Boerum Hill",10537,9998,94.8846920375819,10.2873096446701,54.4367467020974,61.2508304071368,128,116,132
"Within last year","All","Dyker Heights",6785,6432,94.7973470891673,9.80746900988545,63.5519528371408,68.1061164333088,107,33,50
"Within last year","All","East Concourse/Concourse Village",18434,18031,97.8138222849083,9.7139829326789,42.8447434089183,55.169794944125,100,180,169
"Within last year","All","East Elmhurst",4584,4374,95.4188481675393,8.50644270593649,67.3647469458988,72.5349040139616,45,12,17
"Within last year","All","East Flatbush/Farragut",11862,11293,95.2031697858708,10.7143365666993,47.1758556735795,57.7811498904063,141,156,152
"Within last year","All","East Flushing",4232,4076,96.3137996219282,9.91712158808933,66.375236294896,73.086011342155,111,17,11
"Within last year","All","East Harlem North",13426,12705,94.6298227320125,9.74432497013142,48.5252495158647,57.1800983166989,102,149,158
"Within last year","All","East Harlem South",10181,9745,95.7175130144387,11.012266776621,46.1349572733523,54.9945977801788,160,160,171
"Within last year","All","East New York",22260,21312,95.7412398921833,10.8934321128366,47.6100628930818,56.5947888589398,154,153,163
"Within last year","All","East New York (Pennsylvania Ave)",8098,7709,95.196344776488,11.0469119579501,39.1331192887133,49.7036305260558,161,188,189
"Within last year","All","East Tremont",11328,10965,96.7955508474576,9.06805414863247,44.2090395480226,55.8880649717514,70,172,166
"Within last year","All","East Village",13750,13024,94.72,11.2395366795367,52.1454545454545,60.4363636363636,169,135,137
"Within last year","All","East Williamsburg",9897,9479,95.7764979286653,7.8435366894198,60.2000606244317,66.3332322926139,22,62,79
"Within last year","All","Eastchester/Edenwald/Baychester",5666,5442,96.0465937169079,7.54256120527307,62.7956230144723,69.5728909283445,15,38,38
"Within last year","All","Elmhurst",12544,12124,96.6517857142857,9.52622841965471,58.1632653061224,67.4426020408163,88,86,58
"Within last year","All","Elmhurst/Maspeth",4929,4742,96.206127003449,7.74434968017058,67.5187664840739,75.045648204504,20,10,4
"Within last year","All","Erasmus",9870,9440,95.6433637284701,11.2265234499628,43.87031408308,54.5086119554205,168,178,177
"Within last year","All","Far Rockaway/Bayswater",9259,8823,95.2910681499082,12.7006084261279,46.279295820283,56.1939734312561,185,159,164
"Within last year","All","Flatbush",27342,26205,95.8415624314242,10.3205741626794,45.8452198083534,55.9798112793504,129,163,165
"Within last year","All","Flatlands",12562,11684,93.0106670912275,9.12492477001118,62.5696545136125,67.9589237382582,73,39,51
"Within last year","All","Flushing",11273,10860,96.3363789585736,10.1364354044766,56.8970105561962,66.3887164020225,118,99,77
"Within last year","All","Fordham South",8349,7890,94.502335609055,10.2001819836215,38.2680560546173,51.095939633489,122,189,187
"Within last year","All","Forest Hills",13858,13258,95.6703709048925,9.66532319391635,56.1697214605282,65.0165969115312,99,103,95
"Within last year","All","Fort Greene",5937,5559,93.633148054573,10.1663926940639,54.9604177193869,61.5125484251305,120,111,127
"Within last year","All","Fresh Meadows/Utopia",2819,2642,93.7211777225967,11.1962833914053,60.1631784320681,65.9098971266406,166,64,85
"Within last year","All","Ft. Totten/Bay Terrace/Clearview",2450,2318,94.6122448979592,10.779586449626,58.7755102040816,66.7755102040816,147,77,69
"Within last year","All","Georgetown/Marine Park/Bergen Beach/Mill Basin",8928,8192,91.7562724014337,9.32193802262666,66.0282258064516,70.1388888888889,80,18,33
"Within last year","All","Glen Oaks/Floral Park/New Hyde Park",3248,3031,93.3189655172414,10.9647532729104,60.5603448275862,66.4716748768473,157,57,74
"Within last year","All","Glendale",7802,7426,95.1807228915663,9.44679408973838,68.3158164573186,73.8656754678288,83,6,9
"Within last year","All","Gramercy",6642,6246,94.0379403794038,12.2789541225537,51.3399578440229,59.8313760915387,182,138,142
"Within last year","All","Grasmere/Arrochar/Ft. Wadsworth",2858,2761,96.6060181945416,6.45531757754801,69.7690692792162,76.1371588523443,2,4,2
"Within last year","All","Gravesend",4786,4487,93.7526117843711,7.93031593098812,65.9005432511492,71.9807772670288,26,19,23
"Within last year","All","Great Kills",7468,7167,95.9694697375469,8.97374838617128,63.6047134440279,69.5500803427959,66,32,39
"Within last year","All","Greenpoint",9132,8648,94.6999561979851,9.13832650672908,54.8729741568112,63.5348226018397,74,112,112
"Within last year","All","Grymes Hill/Clifton/Fox Hills",3793,3657,96.4144476667545,8.18515406162465,53.9941998418139,63.6435539151068,37,118,110
"Within last year","All","Hamilton Heights",19805,18628,94.0570562989144,12.3656152101113,40.1868215097198,50.2095430446857,183,187,188
"Within last year","All","Hammels/Arverne/Edgemere",6935,6601,95.183850036049,9.98702301869303,52.2422494592646,60.9228550829128,112,134,135
"Within last year","All","Highbridge",11018,10743,97.5040842258123,9.62521150592217,42.3125794155019,55.1552005808677,97,182,170
"Within last year","All","Hollis",4182,3970,94.9306551889048,10.2846956964604,56.1214729794357,63.3428981348637,127,104,114
"Within last year","All","Homecrest",8131,7643,93.998278194564,9.56705232711018,56.3399335875046,64.260238593039,92,102,105
"Within last year","All","Hudson Yards/Chelsea/Flatiron/Union Square",21082,19965,94.7016412105113,10.7631459996987,53.4389526610379,62.1478038136799,146,123,124
"Within last year","All","Hunters Point/Sunnyside/West Maspeth",17076,16358,95.7952682126962,9.46239279323749,57.9175450925275,64.909814944952,85,87,97
"Within last year","All","Hunts Point",8293,7960,95.9845652960328,9.27979207277453,44.8812251296274,56.6863619920415,77,167,162
"Within last year","All","Jackson Heights",14618,13988,95.6902449035436,9.80506695620702,60.1108222739089,67.074839239294,105,65,63
"Within last year","All","Jamaica",12754,12327,96.6520307354555,9.49078095550274,57.5348910145837,64.6463854477027,86,92,101
"Within last year","All","Jamaica Estates/Holliswood",4656,4438,95.3178694158076,10.4674583238182,60.7817869415807,68.4278350515464,132,51,43
"Within last year","All","Kensington/Ocean Parkway",7590,7280,95.9156785243742,8.2113978197875,57.1014492753623,66.5744400527009,39,97,71
"Within last year","All","Kew Gardens",5382,5172,96.098104793757,8.07467911318553,58.4541062801932,67.9301374953549,31,82,53
"Within last year","All","Kew Gardens Hills",6251,6021,96.3205887058071,8.71833109919571,60.2303631418973,67.4452087665973,51,61,57
"Within last year","All","Kingsbridge Heights",8736,8363,95.7303113553114,10.7211970074813,42.0215201465201,53.2623626373626,143,184,186
"Within last year","All","Laurelton",4266,3996,93.6708860759494,11.0828057736136,57.7121425222691,65.4711673699016,162,91,91
"Within last year","All","Lenox Hill/Roosevelt Island",9995,9570,95.7478739369685,10.7467015706806,53.9069534767384,62.4112056028014,145,119,120
"Within last year","All","Lincoln Square",9228,8812,95.4919809276116,11.2964228753702,50.2384048547898,58.5283918508886,172,142,147
"Within last year","All","Lindenwood/Howard Beach",6034,5615,93.0560159098442,10.6483020231214,59.5956247928406,66.2744448127279,139,70,80
"Within last year","All","Longwood",5566,5391,96.8559108875314,9.39213842392327,42.4901185770751,54.096298957959,82,181,181
"Within last year","All","Lower East Side",10489,9935,94.7182762894461,10.8073123536002,50.5672609400324,58.280102965011,148,141,149
"Within last year","All","Madison",7902,7349,93.0017717033662,9.58333333333333,56.7704378638319,64.679827891673,93,100,100
"Within last year","All","Manhattanville",7384,6956,94.2036836403034,10.2752971875906,48.4696641386782,57.2453954496208,126,150,156
"Within last year","All","Marble Hill/Inwood",15859,14873,93.7827101330475,12.0100468399973,46.6359795699603,54.8016898921748,180,157,175
"Within last year","All","Mariner's Harbor/Arlington/Port Ivory/Graniteville",5539,5334,96.2989709333815,8.13057629714723,58.6026358548474,66.853222603358,34,81,68
"Within last year","All","Maspeth",7468,7146,95.6882699517943,11.7539918044369,69.9919657204071,74.9732190680236,177,3,5
"Within last year","All","Melrose South/Mott Haven North",7532,7162,95.0876261285183,9.38526037069726,44.2246415294742,54.2087095061073,81,171,180
"Within last year","All","Middle Village",8027,7562,94.2070512021926,11.7662493340437,64.7315310825962,69.7770026161704,178,29,37
"Within last year","All","Midtown/Midtown South",22000,20666,93.9363636363636,10.6987753521468,54.7227272727273,62.9772727272727,140,115,116
"Within last year","All","Midwood",11136,10546,94.701867816092,9.32006081915804,52.9184626436782,62.2575431034483,79,128,122
"Within last year","All","Morningside Heights",8545,8151,95.389116442364,10.956106633602,51.4452896430661,59.8946752486834,155,136,141
"Within last year","All","Morrisania/Melrose",9229,8917,96.6193520424748,8.81669302010391,44.0676129591505,56.7017011593889,58,173,161
"Within last year","All","Mott Haven/Port Morris",9490,9061,95.4794520547945,9.52909817858729,48.5458377239199,58.1559536354057,89,148,150
"Within last year","All","Mount Hope",16176,15753,97.3850148367952,10.3915516359918,41.0237388724036,53.3197329376855,131,186,184
"Within last year","All","Murray Hill",8484,8076,95.1909476661952,10.8693800876644,60.3253182461103,67.7628477133428,153,60,54
"Within last year","All","Murray Hill/Kips Bay",9028,8597,95.2259636685866,11.9609557109557,52.3039432875498,61.3646433318564,179,133,130
"Within last year","All","New Brighton/Silver Lake",4000,3857,96.425,7.42474117334749,59.925,66.375,11,68,78
"Within last year","All","New Dorp/Midland Beach",4534,4203,92.6996029995589,9.89167280766396,60.1896779885311,65.791795324217,110,63,88
"Within last year","All","New Springville/Bloomfield/Travis",6144,5902,96.0611979166667,7.71686016288338,65.4622395833333,72.412109375,19,24,19
"Within last year","All","North Corona",7142,6905,96.6816017922151,8.18307602679872,67.5161019322319,72.7807336880426,36,11,12
"Within last year","All","North Riverdale/Fieldston/Riverdale",4113,3946,95.9397033795283,6.86987704918033,61.5122781424751,69.2195477753465,4,45,41
"Within last year","All","North Side/South Side",16901,16187,95.7753979054494,8.08022087107582,58.416661735992,66.4931069167505,32,84,73
"Within last year","All","Norwood",12760,12409,97.2492163009404,9.07313311688312,46.0266457680251,59.4984326018809,71,162,144
"Within last year","All","Oakland Gardens",3243,3030,93.432007400555,12.0379227878374,58.8344125809436,64.8165279062596,181,76,99
"Within last year","All","Oakwood/Oakwood Beach",3840,3631,94.5572916666667,9.01107639875035,61.5885416666667,68.359375,68,44,44
"Within last year","All","Ocean Hill",9541,9107,95.4512105649303,10.5848134991119,44.031024001677,54.3234461796457,136,174,179
"Within last year","All","Ocean Parkway South",4359,4125,94.6317962835513,8.14143135345667,60.8625831612755,68.2037164487268,35,50,49
"Within last year","All","Old Astoria",5567,5341,95.9403628525238,9.03110859728507,63.4991916651698,70.4688342015448,69,34,31
"Within last year","All","Old Town/Dongan Hills/South Beach",4341,4146,95.5079474775397,8.50885949588221,63.1190969822621,70.2603086846349,46,36,32
"Within last year","All","Ozone Park",5093,4939,96.9762419006479,8.79631525076766,67.8578440997448,74.1017082269782,56,8,7
"Within last year","All","Park Slope/Gowanus",17665,16753,94.8372487970563,8.38984587488667,60.3509765072177,66.9685819416926,43,59,65
"Within last year","All","Parkchester",4486,4366,97.3250111457869,7.44952862727064,52.5858225590727,67.0530539456086,13,131,64
"Within last year","All","Pelham Bay/Country Club/City Island",1629,1542,94.6593001841621,7.19374575118967,64.5794966236955,70.7796193984039,8,30,28
"Within last year","All","Pelham Parkway",7407,7189,97.0568381260969,8.61739624786811,51.0058053192926,62.4004320237613,48,139,121
"Within last year","All","Pomonok/Flushing Heights/Hillcrest",6204,5975,96.3088330109607,7.60432140445645,70.6640876853643,76.434558349452,16,1,1
"Within last year","All","Port Richmond",4954,4834,97.5777149777957,8.22030328559393,57.8522406136455,67.3193379087606,40,88,59
"Within last year","All","Prospect Heights",6230,5872,94.2536115569823,8.92993630573248,53.5955056179775,62.4719101123596,65,120,119
"Within last year","All","Prospect Lefferts Gardens/Wingate",21868,21118,96.5703310773733,10.3275550052386,43.9592098042802,54.5591732211451,130,176,176
"Within last year","All","Queens Village",9691,9194,94.8715302858322,10.8257063711911,60.6954906614384,66.061293984109,150,55,83
"Within last year","All","Queensboro Hill",3646,3513,96.3521667580911,9.61396953147456,69.1716950082282,74.0811848601207,96,5,8
"Within last year","All","Queensbridge/Ravenswood/Long Island City",5746,5504,95.7883745214062,7.16188037314798,67.177166724678,72.554820744866,7,13,15
"Within last year","All","Rego Park",5277,5075,96.1720674625734,10.1762018275725,58.8402501421262,66.1929126397574,121,75,82
"Within last year","All","Richmond Hill",14282,13820,96.7651589413247,9.83144920137116,66.5663072398824,72.5388601036269,108,14,16
"Within last year","All","Ridgewood",13980,13402,95.865522174535,9.63284770201262,59.9856938483548,67.2603719599428,98,66,61
"Within last year","All","Rikers Island",16,8,50,17.625,12.5,12.5,190,191,191
"Within last year","All","Rosedale",4329,4124,95.2644952644953,10.0347528144885,62.4624624624625,69.9237699237699,114,40,35
"Within last year","All","Rossville/Woodrow",3296,3172,96.2378640776699,8.19186991869919,65.7766990291262,72.1783980582524,38,21,21
"Within last year","All","Rugby/Remsen Village",13599,13024,95.7717479226414,11.2711851337806,43.7826310758144,53.6951246415178,170,179,183
"Within last year","All","Schuylerville/Throgs Neck/Edgewater Park",8126,7755,95.4344080728526,7.16161749209694,66.4164410534088,72.6187546148166,6,16,14
"Within last year","All","Seagate/Coney Island",5046,4785,94.8275862068966,10.2575693860387,49.2271105826397,57.2334522393975,124,146,157
"Within last year","All","Sheepshead Bay/Gerritsen Beach/Manhattan Beach",12049,11309,93.8584114864304,8.67323290845886,62.1296373142999,69.2671591003403,49,42,40
"Within last year","All","SoHo/TriBeCa/Civic Center/Little Italy",17080,16335,95.6381733021077,10.5285229725563,57.7868852459016,64.8360655737705,134,90,98
"Within last year","All","Soundview/Bruckner",11973,11749,98.1291238620229,7.39060749676863,58.9827110999749,68.211809905621,10,72,48
"Within last year","All","Soundview/Castle Hill/Clason Point/Harding Park",6194,5959,96.2060058120762,8.07119914346895,56.9422021310946,64.5947691314175,30,98,102
"Within last year","All","South Jamaica",8833,8526,96.5243971470622,8.53355426677713,59.390920412091,66.2515566625156,47,71,81
"Within last year","All","South Ozone Park",17278,16627,96.2322028012501,11.1304479970822,65.7309873827989,71.4608172242158,164,22,25
"Within last year","All","Springfield Gardens North",3149,3022,95.9669736424262,8.76618095560827,58.4312480152429,65.6081295649413,52,83,90
"Within last year","All","Springfield Gardens South/Brookville",4002,3856,96.351824087956,8.78787878787879,65.792103948026,72.2138930534733,53,20,20
"Within last year","All","Spuyten Duyvil/Kingsbridge",5948,5720,96.1667787491594,7.71231422505308,52.9926025554808,63.4162743779422,17,127,113
"Within last year","All","St. Albans",9881,9378,94.9094221232669,10.0852266550712,58.9009209594171,65.7625746381945,115,74,89
"Within last year","All","Stapleton/Rosebank",6696,6400,95.5794504181601,7.21999682085519,61.3201911589008,68.3094384707288,9,48,46
"Within last year","All","Starrett City",730,685,93.8356164383562,11.2782738095238,52.3287671232877,58.6301369863014,171,132,146
"Within last year","All","Steinway",9777,9243,94.5382019024241,10.0903693931398,58.7092155057789,66.6052981487164,116,78,70
"Within last year","All","Stuyvesant Heights",18379,17627,95.9083736873606,11.0058432630614,44.8990695902933,54.8288807878557,159,166,174
"Within last year","All","Stuyvesant Town/Cooper Village",996,969,97.289156626506,10.2094943240454,52.9116465863454,65.863453815261,123,129,87
"Within last year","All","Sunset Park East",11666,11135,95.4483113320761,11.0881848542287,56.4032230413166,63.843648208469,163,101,106
"Within last year","All","Sunset Park West",12979,12399,95.5312427767933,8.29666336306574,59.7272517143077,66.9311965482703,42,69,67
"Within last year","All","Todt Hill/Emerson Hill/Heartland Village/Lighthouse Hill",5743,5543,96.5174995646875,7.45591476855253,65.6103082012885,72.679784084973,14,23,13
"Within last year","All","Turtle Bay/East Midtown",10395,9884,95.0841750841751,10.7336917926347,55.1034151034151,63.7229437229437,144,109,108
"Within last year","All","University Heights/Morris Heights",15676,15244,97.2441949476907,9.14893476683596,48.8326103597857,60.7999489665731,75,147,136
"Within last year","All","Upper East Side/Carnegie Hill",10471,9942,94.947951485054,11.4915936776402,53.3377900869067,61.2930952153567,174,125,131
"Within last year","All","Upper West Side",21134,20058,94.9086779596858,11.4019430182221,50.1514147818681,60.0359610106937,173,144,140
"Within last year","All","Van Cortlandt Village",13231,12802,96.757614692767,8.97852179406191,47.3962663441917,60.9251001436022,67,154,134
"Within last year","All","Van Nest/Morris Park/Westchester Square",8565,8276,96.6258026853473,7.95773094829699,57.8283712784588,66.456509048453,28,89,76
"Within last year","All","Washington Heights North",24291,23408,96.364908813964,9.53618519950178,55.8396113786999,65.1434687744432,90,106,94
"Within last year","All","Washington Heights South",27839,26318,94.5364416825317,11.5969555572554,45.2530622507992,54.8295556593268,175,165,173
"Within last year","All","West Brighton",1156,1106,95.6747404844291,10.9909420289855,46.1072664359862,54.4982698961938,158,161,178
"Within last year","All","West Concourse",11631,11300,97.1541569942395,10.0168768875466,43.977302037658,54.9737769753246,113,175,172
"Within last year","All","West Farms/Bronx River",8126,7921,97.4772335712528,8.92788217369223,47.8341127245877,61.4324390844204,64,152,129
"Within last year","All","West New Brighton/New Brighton/St. George",8367,8048,96.187402892315,7.81698017285206,54.7269033106251,63.5353173180351,21,114,111
"Within last year","All","West Village",17683,16898,95.5607080246564,10.6015466983938,57.1170050330826,64.530905389357,138,96,103
"Within last year","All","Westchester/Unionport",6225,5969,95.8875502008032,8.8208674863388,54.3293172690763,63.8072289156626,60,117,107
"Within last year","All","Westerleigh",4921,4699,95.4887218045113,8.08420365535248,62.4263361105466,68.2381629750051,33,41,47
"Within last year","All","Whitestone",5704,5362,94.0042075736325,13.133535660091,60.6416549789621,67.2335203366059,187,56,62
"Within last year","All","Williamsbridge/Olinville",15613,15166,97.1370012169346,9.72462038326371,45.8143854480241,57.6250560430411,101,164,154
"Within last year","All","Williamsburg",2915,2746,94.2024013722127,8.23998516320475,62.9845626072041,70.4974271012007,41,37,30
"Within last year","All","Windsor Terrace",3415,3184,93.2357247437775,8.8184126984127,60.7320644216691,67.9355783308931,59,53,52
"Within last year","All","Woodhaven",12221,11802,96.5714753293511,8.68212486121787,66.5657474838393,72.4654283610179,50,15,18
"Within last year","All","Woodlawn/Wakefield",11253,10781,95.8055629609882,8.79134524929445,55.1053052519328,64.9337954323292,54,108,96
"Within last year","All","Woodside",8001,7704,96.2879640044994,8.7945938887438,65.2168478940133,71.2285964254468,55,27,27
"Within last year","All","Yorkville",11174,10719,95.9280472525506,10.596749953034,47.2614999105065,58.0902094147127,137,155,151
"Within last month","All","Airport",53,26,49.0566037735849,4.46153846153846,33.9622641509434,35.8490566037736,187,190,190
"Within last month","All","Allerton/Pelham Gardens",391,341,87.2122762148338,1.49240121580547,74.4245524296675,78.0051150895141,11,32,45
"Within last month","All","Annadale/Huguenot/Prince's Bay/Eltingville",565,485,85.8407079646018,1.57415254237288,72.212389380531,76.9911504424779,17,49,51
"Within last month","All","Arden Heights",282,246,87.2340425531915,1.95473251028807,71.6312056737589,75.531914893617,53,53,67
"Within last month","All","Astoria",1254,1078,85.9649122807018,2.18130841121495,69.1387559808612,75.518341307815,80,71,68
"Within last month","All","Auburndale",271,233,85.9778597785978,1.89823008849558,69.3726937269373,74.9077490774908,38,69,73
"Within last month","All","Baisley Park",534,477,89.3258426966292,1.91360691144708,73.4082397003745,78.4644194756554,41,37,41
"Within last month","All","Bath Beach",398,350,87.9396984924623,2.1551724137931,71.105527638191,78.391959798995,77,57,42
"Within last month","All","Battery Park City/Lower Manhattan",768,676,88.0208333333333,2.29464285714286,70.0520833333333,74.4791666666667,95,63,78
"Within last month","All","Bay Ridge",1398,1239,88.6266094420601,2.36650485436893,71.7453505007153,76.6809728183119,100,52,55
"Within last month","All","Bayside/Bayside Hills",590,535,90.6779661016949,1.92898272552783,72.5423728813559,79.1525423728814,46,46,36
"Within last month","All","Bedford",1329,1103,82.9947328818661,2.35871559633028,63.5063957863055,69.0744920993228,98,115,125
"Within last month","All","Bedford Park/Fordham North",1495,1258,84.1471571906354,3.84130781499203,55.5852842809365,66.4214046822742,182,155,143
"Within last month","All","Bellerose",260,232,89.2307692307692,2.02620087336245,71.9230769230769,78.0769230769231,62,51,44
"Within last month","All","Belmont",734,567,77.2479564032698,4.17615658362989,44.4141689373297,59.1280653950954,186,187,177
"Within last month","All","Bensonhurst East",962,761,79.1060291060291,2.6552179656539,59.4594594594595,67.3596673596674,117,139,136
"Within last month","All","Bensonhurst West",984,806,81.9105691056911,2.04020100502513,67.479674796748,72.3577235772358,66,89,99
"Within last month","All","Borough Park",1403,1234,87.9543834640057,1.9198691741619,72.9151817533856,77.9044903777619,42,41,47
"Within last month","All","Breezy Point/Belle Harbor/Rockaway Park/Broad Channel",14,13,92.8571428571429,1,92.8571428571429,92.8571428571429,2,1,1
"Within last month","All","Briarwood/Jamaica Hills",410,369,90,1.98904109589041,74.6341463414634,78.5365853658537,58,30,40
"Within last month","All","Brighton Beach",584,487,83.3904109589041,2.65567010309278,62.5,73.458904109589,118,126,90
"Within last month","All","Bronxdale",690,554,80.2898550724638,3.32,56.6666666666667,66.3768115942029,159,151,144
"Within last month","All","Brooklyn Heights/Cobble Hill",261,215,82.3754789272031,3.58962264150943,55.1724137931034,62.0689655172414,169,157,166
"Within last month","All","Brownsville",819,574,70.0854700854701,5.25311942959002,39.3162393162393,46.5201465201465,189,188,189
"Within last month","All","Bushwick North",1217,991,81.4297452752671,2.06128702757916,65.7354149548069,70.1725554642564,67,107,117
"Within last month","All","Bushwick South",1250,1024,81.92,2.06502463054187,66,72,68,105,103
"Within last month","All","Cambria Heights",261,229,87.7394636015326,2.04017857142857,73.1800766283525,75.8620689655172,65,39,64
"Within last month","All","Canarsie",890,777,87.3033707865169,1.92258064516129,71.0112359550562,76.1797752808989,44,58,58
"Within last month","All","Carroll Gardens/Columbia Street/Red Hook",610,527,86.3934426229508,2,71.4754098360656,76.7213114754098,59,54,53
"Within last month","All","Central Harlem North/Polo Grounds",1526,1128,73.9187418086501,3.09795191451469,52.6212319790301,58.8466579292267,150,171,179
"Within last month","All","Central Harlem South",1133,892,78.7290379523389,2.19457013574661,63.0185348631951,68.8437775816417,83,119,130
"Within last month","All","Charleston/Richmond Valley/Tottenville",350,309,88.2857142857143,2.59934853420195,68.2857142857143,75.7142857142857,115,79,65
"Within last month","All","Chinatown",988,798,80.7692307692308,2.25753768844221,67.3076923076923,70.5465587044534,91,91,116
"Within last month","All","Claremont/Bathgate",525,423,80.5714285714286,3.78199052132701,54.2857142857143,60.1904761904762,177,162,173
"Within last month","All","Clinton",1604,1245,77.6184538653367,2.79449838187702,55.9226932668329,63.9027431421446,130,154,157
"Within last month","All","Clinton Hill",826,692,83.7772397094431,1.93557833089312,68.1598062953995,72.3970944309927,49,82,98
"Within last month","All","Co-op City",265,238,89.811320754717,2.57826086956522,69.811320754717,72.8301886792453,113,66,96
"Within last month","All","College Point",451,429,95.1219512195122,1.57009345794393,82.9268292682927,85.5875831485587,16,4,5
"Within last month","All","Corona",475,415,87.3684210526316,1.96821515892421,65.0526315789474,78.3157894736842,54,110,43
"Within last month","All","Crotona Park East",342,277,80.9941520467836,3.23465703971119,54.3859649122807,65.4970760233918,156,160,151
"Within last month","All","Crown Heights North",2451,1871,76.3361893104855,2.81021505376344,56.4259485924113,62.9946960424317,131,152,163
"Within last month","All","Crown Heights South",790,574,72.6582278481013,3.39679715302491,49.2405063291139,58.3544303797468,164,180,180
"Within last month","All","Cypress Hills/City Line",928,785,84.5905172413793,2.12836970474968,68.5344827586207,73.3836206896552,75,77,91
"Within last month","All","Douglas Manor/Douglaston/Little Neck",357,333,93.2773109243697,1.86322188449848,78.7114845938375,82.3529411764706,36,11,13
"Within last month","All","DUMBO/Vinegar Hill/Downtown Brooklyn/Boerum Hill",842,694,82.4228028503563,2.50073855243722,61.1638954869359,66.7458432304038,110,131,138
"Within last month","All","Dyker Heights",519,455,87.6685934489403,1.23266219239374,77.4566473988439,81.1175337186898,4,16,21
"Within last month","All","East Concourse/Concourse Village",1472,1273,86.4809782608696,3.83835182250396,52.1739130434783,66.1005434782609,181,174,147
"Within last month","All","East Elmhurst",323,293,90.7120743034056,1.96875,72.7554179566563,75.2321981424149,55,44,70
"Within last month","All","East Flatbush/Farragut",861,682,79.2102206736353,3.37610619469027,54.006968641115,60.8594657375145,162,163,170
"Within last month","All","East Flushing",289,261,90.3114186851211,1.90733590733591,75.7785467128028,79.9307958477509,40,27,28
"Within last month","All","East Harlem North",1132,848,74.9116607773852,3.385,49.2049469964664,54.5936395759717,163,181,185
"Within last month","All","East Harlem South",764,612,80.1047120418848,3.83579638752053,52.4869109947644,58.1151832460733,180,172,181
"Within last month","All","East New York",1647,1284,77.959927140255,2.95634920634921,53.6733454766242,61.9914996964177,141,166,167
"Within last month","All","East New York (Pennsylvania Ave)",497,349,70.2213279678068,3.14035087719298,46.4788732394366,51.9114688128773,153,186,186
"Within last month","All","East Tremont",1024,830,81.0546875,3.74393203883495,49.0234375,61.9140625,174,182,168
"Within last month","All","East Village",1133,929,81.9947043248014,2.3958560523446,64.4307149161518,70.873786407767,104,111,113
"Within last month","All","East Williamsburg",739,668,90.3924221921516,1.92156862745098,76.319350473613,80.5142083897158,43,21,24
"Within last month","All","Eastchester/Edenwald/Baychester",385,326,84.6753246753247,2.16149068322981,70.1298701298701,76.1038961038961,78,61,60
"Within last month","All","Elmhurst",1182,1037,87.7326565143824,3.07536231884058,63.7055837563452,70.1353637901861,148,114,118
"Within last month","All","Elmhurst/Maspeth",392,348,88.7755102040816,1.56936416184971,77.5510204081633,81.6326530612245,15,15,18
"Within last month","All","Erasmus",778,586,75.3213367609254,3.41095890410959,53.2133676092545,60.1542416452442,165,168,174
"Within last month","All","Far Rockaway/Bayswater",703,588,83.6415362731152,4.00344827586207,58.321479374111,62.5889046941679,183,147,165
"Within last month","All","Flatbush",2095,1660,79.236276849642,3.35973397823458,54.4630071599045,63.054892601432,161,159,161
"Within last month","All","Flatlands",1009,861,85.3320118929633,1.77596266044341,72.6461843409316,76.2140733399405,28,45,57
"Within last month","All","Flushing",824,737,89.4417475728155,2.32967032967033,71.1165048543689,76.6990291262136,96,56,54
"Within last month","All","Fordham South",670,537,80.1492537313433,3.48659003831418,52.2388059701493,62.8358208955224,167,173,164
"Within last month","All","Forest Hills",971,863,88.8774459320288,2.68065268065268,66.3233779608651,75.1802265705458,119,101,71
"Within last month","All","Fort Greene",379,314,82.8496042216359,2.79032258064516,58.5751978891821,65.6992084432718,129,146,149
"Within last month","All","Fresh Meadows/Utopia",194,165,85.0515463917526,2.34146341463415,65.4639175257732,72.1649484536082,97,108,102
"Within last month","All","Ft. Totten/Bay Terrace/Clearview",202,181,89.6039603960396,1.58659217877095,72.7722772277228,80.6930693069307,18,43,23
"Within last month","All","Georgetown/Marine Park/Bergen Beach/Mill Basin",807,696,86.2453531598513,2.08588064046579,71.995043370508,74.3494423791822,71,50,80
"Within last month","All","Glen Oaks/Floral Park/New Hyde Park",234,204,87.1794871794872,1.61421319796954,73.9316239316239,77.7777777777778,20,35,48
"Within last month","All","Glendale",620,564,90.9677419354839,1.29464285714286,80.9677419354839,85.3225806451613,6,7,7
"Within last month","All","Gramercy",560,452,80.7142857142857,3.00444444444444,58.75,65.5357142857143,146,145,150
"Within last month","All","Grasmere/Arrochar/Ft. Wadsworth",230,212,92.1739130434783,1.92380952380952,76.0869565217391,82.1739130434783,45,24,14
"Within last month","All","Gravesend",435,377,86.6666666666667,1.61333333333333,73.1034482758621,79.5402298850575,19,40,32
"Within last month","All","Great Kills",609,521,85.5500821018062,2.21526418786693,68.6371100164204,74.2200328407225,87,75,82
"Within last month","All","Greenpoint",720,622,86.3888888888889,2.02777777777778,69.1666666666667,76.1111111111111,63,70,59
"Within last month","All","Grymes Hill/Clifton/Fox Hills",305,248,81.3114754098361,2.97142857142857,53.1147540983606,66.5573770491803,142,169,140
"Within last month","All","Hamilton Heights",1951,1399,71.7068170169144,5.3567335243553,37.9292670425423,48.3341875961046,190,189,188
"Within last month","All","Hammels/Arverne/Edgemere",429,325,75.7575757575758,1.9297124600639,62.004662004662,65.967365967366,47,127,148
"Within last month","All","Highbridge",819,696,84.981684981685,3.70058997050148,55.3113553113553,67.1550671550671,171,156,137
"Within last month","All","Hollis",330,262,79.3939393939394,3.32183908045977,57.8787878787879,63.030303030303,160,150,162
"Within last month","All","Homecrest",700,605,86.4285714285714,2.69256198347107,67.4285714285714,71.7142857142857,122,90,105
"Within last month","All","Hudson Yards/Chelsea/Flatiron/Union Square",1691,1388,82.0816085156712,2.68908170643529,61.4429331756357,68.3619160260201,120,129,132
"Within last month","All","Hunters Point/Sunnyside/West Maspeth",1258,1096,87.1224165341812,2.12258064516129,71.1446740858506,74.8807631160572,74,55,75
"Within last month","All","Hunts Point",676,535,79.1420118343195,2.73938223938224,54.2899408284024,64.0532544378698,124,161,156
"Within last month","All","Jackson Heights",1107,960,86.7208672086721,1.98726114649682,70.0993676603433,75.4290876242096,57,62,69
"Within last month","All","Jamaica",893,781,87.458006718925,2.93619791666667,66.4053751399776,71.444568868981,140,99,107
"Within last month","All","Jamaica Estates/Holliswood",293,265,90.4436860068259,1.93846153846154,76.7918088737201,81.2286689419795,50,18,20
"Within last month","All","Kensington/Ocean Parkway",755,642,85.0331125827815,2.284375,62.6490066225166,74.7019867549669,92,122,76
"Within last month","All","Kew Gardens",447,383,85.6823266219239,2.4021164021164,64.4295302013423,73.1543624161074,105,112,92
"Within last month","All","Kew Gardens Hills",477,420,88.0503144654088,2.36363636363636,70.6498951781971,76.9392033542977,99,60,52
"Within last month","All","Kingsbridge Heights",609,500,82.1018062397373,3.79116465863454,52.8735632183908,60.7553366174056,178,170,171
"Within last month","All","Laurelton",215,193,89.7674418604651,1.84293193717277,74.8837209302326,80,35,29,27
"Within last month","All","Lenox Hill/Roosevelt Island",931,792,85.0698174006445,2.41518987341772,66.1654135338346,72.9323308270677,107,104,94
"Within last month","All","Lincoln Square",755,613,81.1920529801324,2.03104575163399,67.8145695364238,71.6556291390729,64,86,106
"Within last month","All","Lindenwood/Howard Beach",539,487,90.3525046382189,1.94845360824742,74.582560296846,81.0760667903525,51,31,22
"Within last month","All","Longwood",439,362,82.4601366742597,3.06798866855524,59.2255125284738,67.4259681093394,147,141,135
"Within last month","All","Lower East Side",808,663,82.0544554455445,2.53129770992366,64.3564356435644,69.6782178217822,111,113,122
"Within last month","All","Madison",699,574,82.1173104434907,3.23076923076923,60.2288984263233,66.5236051502146,154,136,141
"Within last month","All","Manhattanville",556,423,76.0791366906475,2.74170616113744,58.9928057553957,68.3453237410072,125,143,133
"Within last month","All","Marble Hill/Inwood",1142,795,69.614711033275,2.76582278481013,52.1015761821366,58.0560420315236,127,175,182
"Within last month","All","Mariner's Harbor/Arlington/Port Ivory/Graniteville",427,367,85.9484777517564,2.22905027932961,68.8524590163934,74.0046838407494,89,73,85
"Within last month","All","Maspeth",578,536,92.7335640138408,1.26641651031895,83.3910034602076,85.8131487889273,5,3,4
"Within last month","All","Melrose South/Mott Haven North",616,494,80.1948051948052,3.23305084745763,54.7077922077922,64.2857142857143,155,158,155
"Within last month","All","Middle Village",533,490,91.9324577861163,1.32310838445808,81.0506566604128,84.4277673545966,8,6,8
"Within last month","All","Midtown/Midtown South",1930,1549,80.259067357513,2.61588121368625,60.9326424870466,66.7357512953368,116,134,139
"Within last month","All","Midwood",961,785,81.6857440166493,2.59003831417625,62.5390218522373,68.990634755463,114,125,128
"Within last month","All","Morningside Heights",671,538,80.1788375558867,2.38973384030418,62.5931445603577,69.0014903129657,103,124,127
"Within last month","All","Morrisania/Melrose",797,649,81.4303638644918,3.74728682170543,50.4391468005019,63.1116687578419,176,178,160
"Within last month","All","Mott Haven/Port Morris",790,668,84.5569620253165,2.84012066365008,63.4177215189873,70.8860759493671,135,116,112
"Within last month","All","Mount Hope",1227,1001,81.5810920945395,4.51889683350358,49.3887530562347,59.9837000814996,188,179,175
"Within last month","All","Murray Hill",778,700,89.974293059126,1.97274031563845,73.6503856041131,80.4627249357326,56,36,25
"Within last month","All","Murray Hill/Kips Bay",752,598,79.5212765957447,2.83612040133779,60.1063829787234,65.2925531914894,134,137,152
"Within last month","All","New Brighton/Silver Lake",381,335,87.9265091863517,1.68373493975904,75.5905511811024,79.2650918635171,23,28,33
"Within last month","All","New Dorp/Midland Beach",409,339,82.8850855745721,2.19090909090909,66.7481662591687,70.9046454767726,82,93,111
"Within last month","All","New Springville/Bloomfield/Travis",534,466,87.2659176029963,1.77874186550976,73.4082397003745,78.8389513108614,29,37,39
"Within last month","All","North Corona",545,489,89.7247706422018,1.66115702479339,75.9633027522936,82.0183486238532,21,26,16
"Within last month","All","North Riverdale/Fieldston/Riverdale",342,306,89.4736842105263,2.24252491694352,70.7602339181287,76.0233918128655,90,59,61
"Within last month","All","North Side/South Side",1247,1072,85.9663191659984,2.40393626991565,65.1162790697674,73.1355252606255,106,109,93
"Within last month","All","Norwood",872,724,83.0275229357798,3.26008344923505,59.6330275229358,69.0366972477064,157,138,126
"Within last month","All","Oakland Gardens",253,223,88.1422924901186,1.51415094339623,72.3320158102767,76.6798418972332,12,48,56
"Within last month","All","Oakwood/Oakwood Beach",278,240,86.3309352517986,1.95238095238095,67.6258992805755,77.6978417266187,52,87,49
"Within last month","All","Ocean Hill",715,533,74.5454545454545,3.81544256120527,48.6713286713287,55.8041958041958,179,183,183
"Within last month","All","Ocean Parkway South",294,251,85.3741496598639,2.20242914979757,68.0272108843537,72.7891156462585,85,83,97
"Within last month","All","Old Astoria",524,457,87.2137404580153,1.7853982300885,74.0458015267176,79.0076335877863,30,34,38
"Within last month","All","Old Town/Dongan Hills/South Beach",387,342,88.3720930232558,1.66465256797583,72.3514211886305,79.0697674418605,22,47,37
"Within last month","All","Ozone Park",473,449,94.9260042283298,1.81941309255079,77.8012684989429,85.4122621564482,32,14,6
"Within last month","All","Park Slope/Gowanus",1345,1190,88.4758364312268,2.13825275657337,72.8624535315985,75.9851301115242,76,42,63
"Within last month","All","Parkchester",422,367,86.9668246445498,2.37978142076503,69.9052132701422,79.6208530805687,102,64,31
"Within last month","All","Pelham Bay/Country Club/City Island",98,90,91.8367346938776,2.8876404494382,63.265306122449,71.4285714285714,137,117,108
"Within last month","All","Pelham Parkway",579,503,86.873920552677,2.7,65.8031088082902,72.1934369602763,123,106,101
"Within last month","All","Pomonok/Flushing Heights/Hillcrest",375,343,91.4666666666667,1.32163742690058,81.6,86.6666666666667,7,5,3
"Within last month","All","Port Richmond",394,353,89.5939086294416,2.90988372093023,66.243654822335,71.0659898477157,139,102,110
"Within last month","All","Prospect Heights",497,392,78.8732394366197,1.79427083333333,66.1971830985916,70.8249496981891,31,103,115
"Within last month","All","Prospect Lefferts Gardens/Wingate",1624,1280,78.8177339901478,3.43396226415094,53.5098522167488,61.576354679803,166,167,169
"Within last month","All","Queens Village",722,631,87.3961218836565,1.71474358974359,74.3767313019391,79.9168975069252,25,33,29
"Within last month","All","Queensboro Hill",289,269,93.0795847750865,1.03370786516854,84.4290657439446,87.5432525951557,3,2,2
"Within last month","All","Queensbridge/Ravenswood/Long Island City",476,425,89.2857142857143,1.53444180522565,76.6806722689076,81.3025210084034,14,19,19
"Within last month","All","Rego Park",409,370,90.4645476772616,2.8695652173913,66.9926650366748,74.0831295843521,136,92,84
"Within last month","All","Richmond Hill",1013,902,89.0424481737414,1.41517857142857,78.0848963474827,82.1322803553801,9,13,15
"Within last month","All","Ridgewood",1081,933,86.308973172988,2.22653721682848,67.900092506938,74.5605920444033,88,84,77
"Within last month","All","Rosedale",292,251,85.958904109589,2.37051792828685,66.4383561643836,73.6301369863014,101,98,89
"Within last month","All","Rossville/Woodrow",267,231,86.5168539325843,1.84018264840183,66.6666666666667,73.7827715355805,33,95,87
"Within last month","All","Rugby/Remsen Village",1033,824,79.7676669893514,4.11002444987775,51.5972894482091,59.3417231364956,185,176,176
"Within last month","All","Schuylerville/Throgs Neck/Edgewater Park",619,559,90.3069466882068,2.00902527075812,76.0904684975767,79.1599353796446,60,23,35
"Within last month","All","Seagate/Coney Island",355,291,81.9718309859155,2.76223776223776,61.6901408450704,69.5774647887324,126,128,123
"Within last month","All","Sheepshead Bay/Gerritsen Beach/Manhattan Beach",982,829,84.4195519348269,2.18392204628502,68.2281059063136,74.1344195519348,81,80,83
"Within last month","All","SoHo/TriBeCa/Civic Center/Little Italy",1401,1240,88.5082084225553,2.89320388349515,66.3811563169165,71.948608137045,138,100,104
"Within last month","All","Soundview/Bruckner",1005,919,91.4427860696517,2.10561056105611,76.81592039801,81.7910447761194,73,17,17
"Within last month","All","Soundview/Castle Hill/Clason Point/Harding Park",458,412,89.9563318777293,1.9,66.5938864628821,74.4541484716157,39,96,79
"Within last month","All","South Jamaica",620,559,90.1612903225806,1.52072072072072,79.3548387096774,82.5806451612903,13,9,12
"Within last month","All","South Ozone Park",1394,1283,92.0373027259684,1.72834645669291,79.0530846484935,82.9268292682927,26,10,11
"Within last month","All","Springfield Gardens North",219,194,88.5844748858447,2.17553191489362,69.8630136986301,74.8858447488584,79,65,74
"Within last month","All","Springfield Gardens South/Brookville",273,256,93.7728937728938,1.68650793650794,80.5860805860806,83.8827838827839,24,8,9
"Within last month","All","Spuyten Duyvil/Kingsbridge",404,355,87.8712871287129,2.29310344827586,67.5742574257426,75.990099009901,94,88,62
"Within last month","All","St. Albans",748,657,87.8342245989305,2.83177570093458,68.5828877005348,73.9304812834225,133,76,86
"Within last month","All","Stapleton/Rosebank",534,446,83.5205992509363,2.09009009009009,66.4794007490637,72.8464419475655,72,97,95
"Within last month","All","Starrett City",42,21,50,0.380952380952381,47.6190476190476,50,1,185,187
"Within last month","All","Steinway",748,627,83.8235294117647,1.75728155339806,68.716577540107,75.5347593582888,27,74,66
"Within last month","All","Stuyvesant Heights",1084,880,81.1808118081181,4.01742160278746,53.8745387453875,60.5166051660517,184,164,172
"Within last month","All","Stuyvesant Town/Cooper Village",65,55,84.6153846153846,3.74545454545455,63.0769230769231,66.1538461538461,175,118,145
"Within last month","All","Sunset Park East",1018,872,85.6581532416503,2.0811123986095,68.3693516699411,77.9960707269155,70,78,46
"Within last month","All","Sunset Park West",1025,845,82.4390243902439,2.42635658914729,58.2439024390244,64.8780487804878,109,148,153
"Within last month","All","Todt Hill/Emerson Hill/Heartland Village/Lighthouse Hill",492,440,89.4308943089431,2.21445221445221,69.1056910569106,77.4390243902439,86,72,50
"Within last month","All","Turtle Bay/East Midtown",808,661,81.8069306930693,2.01065449010654,66.7079207920792,72.2772277227723,61,94,100
"Within last month","All","University Heights/Morris Heights",1232,1000,81.1688311688312,3.72708962739174,51.1363636363636,63.474025974026,172,177,158
"Within last month","All","Upper East Side/Carnegie Hill",830,686,82.6506024096386,3.09197080291971,61.2048192771084,66.5060240963855,149,130,142
"Within last month","All","Upper West Side",1815,1436,79.1184573002755,3.00282685512367,58.1818181818182,64.6280991735537,145,149,154
"Within last month","All","Van Cortlandt Village",1100,944,85.8181818181818,3.28862660944206,60.8181818181818,68.9090909090909,158,135,129
"Within last month","All","Van Nest/Morris Park/Westchester Square",574,484,84.3205574912892,2.69098712446352,60.9756097560976,68.815331010453,121,133,131
"Within last month","All","Washington Heights North",1911,1549,81.0570381998953,2.81717631750163,62.6373626373626,69.9110413396128,132,123,120
"Within last month","All","Washington Heights South",1935,1405,72.609819121447,3.73687994248742,47.6485788113695,54.9354005167959,173,184,184
"Within last month","All","West Brighton",96,87,90.625,3,69.7916666666667,70.8333333333333,144,67,114
"Within last month","All","West Concourse",920,754,81.9565217391304,3.61148197596796,56.4130434782609,63.3695652173913,170,153,159
"Within last month","All","West Farms/Bronx River",564,474,84.0425531914894,3.1014799154334,59.3971631205674,67.5531914893617,151,140,134
"Within last month","All","West New Brighton/New Brighton/St. George",738,610,82.6558265582656,3.54333333333333,53.7940379403794,58.9430894308943,168,165,178
"Within last month","All","West Village",1527,1327,86.9024230517354,2.56064073226545,68.1728880157171,73.7393582187295,112,81,88
"Within last month","All","Westchester/Unionport",457,371,81.1816192560175,2.29281767955801,61.0503282275711,70.0218818380744,93,132,119
"Within last month","All","Westerleigh",424,369,87.0283018867924,2.42458100558659,62.9716981132076,69.811320754717,108,120,121
"Within last month","All","Whitestone",373,347,93.029490616622,1.84256559766764,78.28418230563,83.6461126005362,34,12,10
"Within last month","All","Williamsbridge/Olinville",1009,832,82.4578790882061,2.99153567110036,59.1674925668979,69.1774033696729,143,142,124
"Within last month","All","Williamsburg",232,198,85.3448275862069,2.2,69.3965517241379,75,84,68,72
"Within last month","All","Windsor Terrace",261,218,83.5249042145594,1.93488372093023,67.816091954023,74.3295019157088,48,85,81
"Within last month","All","Woodhaven",972,865,88.9917695473251,1.47127784290739,76.2345679012346,79.2181069958848,10,22,34
"Within last month","All","Woodlawn/Wakefield",964,835,86.6182572614108,2.76876513317191,62.8630705394191,71.2655601659751,128,121,109
"Within last month","All","Woodside",556,499,89.7482014388489,2.07228915662651,76.6187050359712,79.8561151079137,69,20,30
"Within last month","All","Yorkville",844,701,83.0568720379147,3.12086330935252,58.8862559241706,66.1137440758294,152,144,146
